imagen,mascara,tiene_tumor
datos_procesados\TCGA_HT_7877_28.npy,datos_procesados\mascaras_predichas\TCGA_HT_7877_28_mask.npy,0
datos_procesados\TCGA_FG_5962_44.npy,datos_procesados\mascaras_predichas\TCGA_FG_5962_44_mask.npy,1
datos_procesados\TCGA_CS_6668_27.npy,datos_procesados\mascaras_predichas\TCGA_CS_6668_27_mask.npy,1
datos_procesados\TCGA_DU_5871_20.npy,datos_procesados\mascaras_predichas\TCGA_DU_5871_20_mask.npy,1
datos_procesados\TCGA_DU_6401_28.npy,datos_procesados\mascaras_predichas\TCGA_DU_6401_28_mask.npy,1
datos_procesados\TCGA_DU_8167_19.npy,datos_procesados\mascaras_predichas\TCGA_DU_8167_19_mask.npy,1
datos_procesados\TCGA_DU_7008_11.npy,datos_procesados\mascaras_predichas\TCGA_DU_7008_11_mask.npy,0
datos_procesados\TCGA_DU_A5TY_4.npy,datos_procesados\mascaras_predichas\TCGA_DU_A5TY_4_mask.npy,0
datos_procesados\TCGA_DU_5871_3.npy,datos_procesados\mascaras_predichas\TCGA_DU_5871_3_mask.npy,0
datos_procesados\TCGA_CS_6665_5.npy,datos_procesados\mascaras_predichas\TCGA_CS_6665_5_mask.npy,0
datos_procesados\TCGA_FG_6692_10.npy,datos_procesados\mascaras_predichas\TCGA_FG_6692_10_mask.npy,1
datos_procesados\TCGA_CS_6667_11.npy,datos_procesados\mascaras_predichas\TCGA_CS_6667_11_mask.npy,1
datos_procesados\TCGA_DU_6407_37.npy,datos_procesados\mascaras_predichas\TCGA_DU_6407_37_mask.npy,1
datos_procesados\TCGA_FG_6692_22.npy,datos_procesados\mascaras_predichas\TCGA_FG_6692_22_mask.npy,0
datos_procesados\TCGA_FG_6688_10.npy,datos_procesados\mascaras_predichas\TCGA_FG_6688_10_mask.npy,1
datos_procesados\TCGA_DU_6401_45.npy,datos_procesados\mascaras_predichas\TCGA_DU_6401_45_mask.npy,0
datos_procesados\TCGA_CS_6290_4.npy,datos_procesados\mascaras_predichas\TCGA_CS_6290_4_mask.npy,0
datos_procesados\TCGA_HT_7856_30.npy,datos_procesados\mascaras_predichas\TCGA_HT_7856_30_mask.npy,0
datos_procesados\TCGA_DU_6401_34.npy,datos_procesados\mascaras_predichas\TCGA_DU_6401_34_mask.npy,1
datos_procesados\TCGA_DU_8168_24.npy,datos_procesados\mascaras_predichas\TCGA_DU_8168_24_mask.npy,1
datos_procesados\TCGA_HT_7881_9.npy,datos_procesados\mascaras_predichas\TCGA_HT_7881_9_mask.npy,0
datos_procesados\TCGA_DU_5849_24.npy,datos_procesados\mascaras_predichas\TCGA_DU_5849_24_mask.npy,1
datos_procesados\TCGA_HT_7855_21.npy,datos_procesados\mascaras_predichas\TCGA_HT_7855_21_mask.npy,0
datos_procesados\TCGA_FG_6691_4.npy,datos_procesados\mascaras_predichas\TCGA_FG_6691_4_mask.npy,0
datos_procesados\TCGA_FG_5964_20.npy,datos_procesados\mascaras_predichas\TCGA_FG_5964_20_mask.npy,0
datos_procesados\TCGA_DU_6405_32.npy,datos_procesados\mascaras_predichas\TCGA_DU_6405_32_mask.npy,1
datos_procesados\TCGA_DU_5851_15.npy,datos_procesados\mascaras_predichas\TCGA_DU_5851_15_mask.npy,1
datos_procesados\TCGA_CS_5397_15.npy,datos_procesados\mascaras_predichas\TCGA_CS_5397_15_mask.npy,0
datos_procesados\TCGA_DU_7018_15.npy,datos_procesados\mascaras_predichas\TCGA_DU_7018_15_mask.npy,1
datos_procesados\TCGA_DU_6400_28.npy,datos_procesados\mascaras_predichas\TCGA_DU_6400_28_mask.npy,1
datos_procesados\TCGA_CS_6666_8.npy,datos_procesados\mascaras_predichas\TCGA_CS_6666_8_mask.npy,1
datos_procesados\TCGA_CS_6667_3.npy,datos_procesados\mascaras_predichas\TCGA_CS_6667_3_mask.npy,0
datos_procesados\TCGA_DU_8167_36.npy,datos_procesados\mascaras_predichas\TCGA_DU_8167_36_mask.npy,1
datos_procesados\TCGA_HT_8111_10.npy,datos_procesados\mascaras_predichas\TCGA_HT_8111_10_mask.npy,0
datos_procesados\TCGA_HT_A61A_17.npy,datos_procesados\mascaras_predichas\TCGA_HT_A61A_17_mask.npy,0
datos_procesados\TCGA_CS_4941_18.npy,datos_procesados\mascaras_predichas\TCGA_CS_4941_18_mask.npy,1
datos_procesados\TCGA_DU_8163_10.npy,datos_procesados\mascaras_predichas\TCGA_DU_8163_10_mask.npy,0
datos_procesados\TCGA_DU_6399_52.npy,datos_procesados\mascaras_predichas\TCGA_DU_6399_52_mask.npy,0
datos_procesados\TCGA_DU_5851_11.npy,datos_procesados\mascaras_predichas\TCGA_DU_5851_11_mask.npy,1
datos_procesados\TCGA_HT_7605_29.npy,datos_procesados\mascaras_predichas\TCGA_HT_7605_29_mask.npy,1
datos_procesados\TCGA_DU_8168_2.npy,datos_procesados\mascaras_predichas\TCGA_DU_8168_2_mask.npy,0
datos_procesados\TCGA_DU_6407_50.npy,datos_procesados\mascaras_predichas\TCGA_DU_6407_50_mask.npy,0
datos_procesados\TCGA_HT_7608_12.npy,datos_procesados\mascaras_predichas\TCGA_HT_7608_12_mask.npy,1
datos_procesados\TCGA_HT_7475_32.npy,datos_procesados\mascaras_predichas\TCGA_HT_7475_32_mask.npy,0
datos_procesados\TCGA_HT_A61B_31.npy,datos_procesados\mascaras_predichas\TCGA_HT_A61B_31_mask.npy,1
datos_procesados\TCGA_CS_5397_21.npy,datos_procesados\mascaras_predichas\TCGA_CS_5397_21_mask.npy,0
datos_procesados\TCGA_DU_7010_36.npy,datos_procesados\mascaras_predichas\TCGA_DU_7010_36_mask.npy,1
datos_procesados\TCGA_DU_6408_27.npy,datos_procesados\mascaras_predichas\TCGA_DU_6408_27_mask.npy,1
datos_procesados\TCGA_DU_8167_13.npy,datos_procesados\mascaras_predichas\TCGA_DU_8167_13_mask.npy,1
datos_procesados\TCGA_DU_7299_10.npy,datos_procesados\mascaras_predichas\TCGA_DU_7299_10_mask.npy,0
datos_procesados\TCGA_HT_A61B_45.npy,datos_procesados\mascaras_predichas\TCGA_HT_A61B_45_mask.npy,1
datos_procesados\TCGA_CS_5393_8.npy,datos_procesados\mascaras_predichas\TCGA_CS_5393_8_mask.npy,1
datos_procesados\TCGA_DU_5849_21.npy,datos_procesados\mascaras_predichas\TCGA_DU_5849_21_mask.npy,1
datos_procesados\TCGA_DU_A5TR_13.npy,datos_procesados\mascaras_predichas\TCGA_DU_A5TR_13_mask.npy,1
datos_procesados\TCGA_DU_5851_26.npy,datos_procesados\mascaras_predichas\TCGA_DU_5851_26_mask.npy,0
datos_procesados\TCGA_DU_7008_28.npy,datos_procesados\mascaras_predichas\TCGA_DU_7008_28_mask.npy,1
datos_procesados\TCGA_CS_5393_2.npy,datos_procesados\mascaras_predichas\TCGA_CS_5393_2_mask.npy,1
datos_procesados\TCGA_FG_7634_19.npy,datos_procesados\mascaras_predichas\TCGA_FG_7634_19_mask.npy,1
datos_procesados\TCGA_FG_7637_25.npy,datos_procesados\mascaras_predichas\TCGA_FG_7637_25_mask.npy,1
datos_procesados\TCGA_CS_5397_2.npy,datos_procesados\mascaras_predichas\TCGA_CS_5397_2_mask.npy,0
datos_procesados\TCGA_DU_5854_21.npy,datos_procesados\mascaras_predichas\TCGA_DU_5854_21_mask.npy,1
datos_procesados\TCGA_DU_5872_8.npy,datos_procesados\mascaras_predichas\TCGA_DU_5872_8_mask.npy,0
datos_procesados\TCGA_DU_6399_35.npy,datos_procesados\mascaras_predichas\TCGA_DU_6399_35_mask.npy,0
datos_procesados\TCGA_HT_7879_23.npy,datos_procesados\mascaras_predichas\TCGA_HT_7879_23_mask.npy,0
datos_procesados\TCGA_FG_A60K_13.npy,datos_procesados\mascaras_predichas\TCGA_FG_A60K_13_mask.npy,1
datos_procesados\TCGA_FG_7637_23.npy,datos_procesados\mascaras_predichas\TCGA_FG_7637_23_mask.npy,1
datos_procesados\TCGA_HT_7884_15.npy,datos_procesados\mascaras_predichas\TCGA_HT_7884_15_mask.npy,0
datos_procesados\TCGA_DU_A5TU_2.npy,datos_procesados\mascaras_predichas\TCGA_DU_A5TU_2_mask.npy,1
datos_procesados\TCGA_FG_A4MU_16.npy,datos_procesados\mascaras_predichas\TCGA_FG_A4MU_16_mask.npy,1
datos_procesados\TCGA_DU_5855_23.npy,datos_procesados\mascaras_predichas\TCGA_DU_5855_23_mask.npy,1
datos_procesados\TCGA_HT_7616_8.npy,datos_procesados\mascaras_predichas\TCGA_HT_7616_8_mask.npy,1
datos_procesados\TCGA_DU_A5TT_40.npy,datos_procesados\mascaras_predichas\TCGA_DU_A5TT_40_mask.npy,1
datos_procesados\TCGA_HT_8114_5.npy,datos_procesados\mascaras_predichas\TCGA_HT_8114_5_mask.npy,0
datos_procesados\TCGA_HT_7690_3.npy,datos_procesados\mascaras_predichas\TCGA_HT_7690_3_mask.npy,0
datos_procesados\TCGA_HT_7608_13.npy,datos_procesados\mascaras_predichas\TCGA_HT_7608_13_mask.npy,1
datos_procesados\TCGA_DU_8162_27.npy,datos_procesados\mascaras_predichas\TCGA_DU_8162_27_mask.npy,1
datos_procesados\TCGA_FG_A4MU_18.npy,datos_procesados\mascaras_predichas\TCGA_FG_A4MU_18_mask.npy,1
datos_procesados\TCGA_DU_7309_10.npy,datos_procesados\mascaras_predichas\TCGA_DU_7309_10_mask.npy,0
datos_procesados\TCGA_DU_7304_31.npy,datos_procesados\mascaras_predichas\TCGA_DU_7304_31_mask.npy,0
datos_procesados\TCGA_DU_8166_29.npy,datos_procesados\mascaras_predichas\TCGA_DU_8166_29_mask.npy,1
datos_procesados\TCGA_HT_7475_16.npy,datos_procesados\mascaras_predichas\TCGA_HT_7475_16_mask.npy,0
datos_procesados\TCGA_HT_7877_5.npy,datos_procesados\mascaras_predichas\TCGA_HT_7877_5_mask.npy,0
datos_procesados\TCGA_DU_5871_30.npy,datos_procesados\mascaras_predichas\TCGA_DU_5871_30_mask.npy,1
datos_procesados\TCGA_CS_6290_16.npy,datos_procesados\mascaras_predichas\TCGA_CS_6290_16_mask.npy,0
datos_procesados\TCGA_FG_5962_32.npy,datos_procesados\mascaras_predichas\TCGA_FG_5962_32_mask.npy,1
datos_procesados\TCGA_HT_A61B_86.npy,datos_procesados\mascaras_predichas\TCGA_HT_A61B_86_mask.npy,0
datos_procesados\TCGA_DU_7304_2.npy,datos_procesados\mascaras_predichas\TCGA_DU_7304_2_mask.npy,0
datos_procesados\TCGA_HT_8113_10.npy,datos_procesados\mascaras_predichas\TCGA_HT_8113_10_mask.npy,0
datos_procesados\TCGA_DU_7301_30.npy,datos_procesados\mascaras_predichas\TCGA_DU_7301_30_mask.npy,0
datos_procesados\TCGA_DU_7014_4.npy,datos_procesados\mascaras_predichas\TCGA_DU_7014_4_mask.npy,0
datos_procesados\TCGA_HT_8105_6.npy,datos_procesados\mascaras_predichas\TCGA_HT_8105_6_mask.npy,0
datos_procesados\TCGA_DU_7018_34.npy,datos_procesados\mascaras_predichas\TCGA_DU_7018_34_mask.npy,0
datos_procesados\TCGA_HT_7680_13.npy,datos_procesados\mascaras_predichas\TCGA_HT_7680_13_mask.npy,0
datos_procesados\TCGA_HT_7605_30.npy,datos_procesados\mascaras_predichas\TCGA_HT_7605_30_mask.npy,1
datos_procesados\TCGA_DU_5872_56.npy,datos_procesados\mascaras_predichas\TCGA_DU_5872_56_mask.npy,0
datos_procesados\TCGA_FG_A4MT_33.npy,datos_procesados\mascaras_predichas\TCGA_FG_A4MT_33_mask.npy,0
datos_procesados\TCGA_FG_6692_4.npy,datos_procesados\mascaras_predichas\TCGA_FG_6692_4_mask.npy,0
datos_procesados\TCGA_FG_6689_5.npy,datos_procesados\mascaras_predichas\TCGA_FG_6689_5_mask.npy,0
datos_procesados\TCGA_CS_4941_6.npy,datos_procesados\mascaras_predichas\TCGA_CS_4941_6_mask.npy,0
datos_procesados\TCGA_DU_6405_42.npy,datos_procesados\mascaras_predichas\TCGA_DU_6405_42_mask.npy,1
datos_procesados\TCGA_DU_7013_26.npy,datos_procesados\mascaras_predichas\TCGA_DU_7013_26_mask.npy,1
datos_procesados\TCGA_FG_6690_8.npy,datos_procesados\mascaras_predichas\TCGA_FG_6690_8_mask.npy,0
datos_procesados\TCGA_DU_A5TT_55.npy,datos_procesados\mascaras_predichas\TCGA_DU_A5TT_55_mask.npy,0
datos_procesados\TCGA_HT_7616_25.npy,datos_procesados\mascaras_predichas\TCGA_HT_7616_25_mask.npy,1
datos_procesados\TCGA_HT_A5RC_27.npy,datos_procesados\mascaras_predichas\TCGA_HT_A5RC_27_mask.npy,0
datos_procesados\TCGA_DU_5872_66.npy,datos_procesados\mascaras_predichas\TCGA_DU_5872_66_mask.npy,0
datos_procesados\TCGA_DU_A5TY_36.npy,datos_procesados\mascaras_predichas\TCGA_DU_A5TY_36_mask.npy,0
datos_procesados\TCGA_DU_A5TT_56.npy,datos_procesados\mascaras_predichas\TCGA_DU_A5TT_56_mask.npy,0
datos_procesados\TCGA_DU_5855_1.npy,datos_procesados\mascaras_predichas\TCGA_DU_5855_1_mask.npy,0
datos_procesados\TCGA_FG_A4MT_31.npy,datos_procesados\mascaras_predichas\TCGA_FG_A4MT_31_mask.npy,1
datos_procesados\TCGA_DU_6401_42.npy,datos_procesados\mascaras_predichas\TCGA_DU_6401_42_mask.npy,1
datos_procesados\TCGA_CS_5395_12.npy,datos_procesados\mascaras_predichas\TCGA_CS_5395_12_mask.npy,1
datos_procesados\TCGA_HT_A61A_22.npy,datos_procesados\mascaras_predichas\TCGA_HT_A61A_22_mask.npy,0
datos_procesados\TCGA_DU_A5TT_48.npy,datos_procesados\mascaras_predichas\TCGA_DU_A5TT_48_mask.npy,1
datos_procesados\TCGA_FG_6689_34.npy,datos_procesados\mascaras_predichas\TCGA_FG_6689_34_mask.npy,1
datos_procesados\TCGA_CS_6665_14.npy,datos_procesados\mascaras_predichas\TCGA_CS_6665_14_mask.npy,1
datos_procesados\TCGA_DU_A5TR_12.npy,datos_procesados\mascaras_predichas\TCGA_DU_A5TR_12_mask.npy,1
datos_procesados\TCGA_DU_7010_58.npy,datos_procesados\mascaras_predichas\TCGA_DU_7010_58_mask.npy,0
datos_procesados\TCGA_DU_7300_28.npy,datos_procesados\mascaras_predichas\TCGA_DU_7300_28_mask.npy,0
datos_procesados\TCGA_DU_8162_2.npy,datos_procesados\mascaras_predichas\TCGA_DU_8162_2_mask.npy,0
datos_procesados\TCGA_DU_8165_33.npy,datos_procesados\mascaras_predichas\TCGA_DU_8165_33_mask.npy,0
datos_procesados\TCGA_HT_7881_24.npy,datos_procesados\mascaras_predichas\TCGA_HT_7881_24_mask.npy,1
datos_procesados\TCGA_DU_7014_41.npy,datos_procesados\mascaras_predichas\TCGA_DU_7014_41_mask.npy,1
datos_procesados\TCGA_HT_8107_11.npy,datos_procesados\mascaras_predichas\TCGA_HT_8107_11_mask.npy,1
datos_procesados\TCGA_HT_8105_16.npy,datos_procesados\mascaras_predichas\TCGA_HT_8105_16_mask.npy,1
datos_procesados\TCGA_DU_8165_21.npy,datos_procesados\mascaras_predichas\TCGA_DU_8165_21_mask.npy,0
datos_procesados\TCGA_FG_7634_1.npy,datos_procesados\mascaras_predichas\TCGA_FG_7634_1_mask.npy,1
datos_procesados\TCGA_FG_5964_5.npy,datos_procesados\mascaras_predichas\TCGA_FG_5964_5_mask.npy,0
datos_procesados\TCGA_DU_8162_6.npy,datos_procesados\mascaras_predichas\TCGA_DU_8162_6_mask.npy,0
datos_procesados\TCGA_DU_6405_19.npy,datos_procesados\mascaras_predichas\TCGA_DU_6405_19_mask.npy,0
datos_procesados\TCGA_HT_A61B_15.npy,datos_procesados\mascaras_predichas\TCGA_HT_A61B_15_mask.npy,0
datos_procesados\TCGA_DU_6408_25.npy,datos_procesados\mascaras_predichas\TCGA_DU_6408_25_mask.npy,1
datos_procesados\TCGA_DU_6399_40.npy,datos_procesados\mascaras_predichas\TCGA_DU_6399_40_mask.npy,0
datos_procesados\TCGA_DU_7018_20.npy,datos_procesados\mascaras_predichas\TCGA_DU_7018_20_mask.npy,1
datos_procesados\TCGA_FG_A60K_49.npy,datos_procesados\mascaras_predichas\TCGA_FG_A60K_49_mask.npy,1
datos_procesados\TCGA_HT_7690_17.npy,datos_procesados\mascaras_predichas\TCGA_HT_7690_17_mask.npy,1
datos_procesados\TCGA_DU_6407_10.npy,datos_procesados\mascaras_predichas\TCGA_DU_6407_10_mask.npy,0
datos_procesados\TCGA_DU_8166_18.npy,datos_procesados\mascaras_predichas\TCGA_DU_8166_18_mask.npy,1
datos_procesados\TCGA_CS_6186_13.npy,datos_procesados\mascaras_predichas\TCGA_CS_6186_13_mask.npy,0
datos_procesados\TCGA_FG_8189_51.npy,datos_procesados\mascaras_predichas\TCGA_FG_8189_51_mask.npy,1
datos_procesados\TCGA_DU_5872_67.npy,datos_procesados\mascaras_predichas\TCGA_DU_5872_67_mask.npy,0
datos_procesados\TCGA_DU_7304_8.npy,datos_procesados\mascaras_predichas\TCGA_DU_7304_8_mask.npy,0
datos_procesados\TCGA_CS_6665_13.npy,datos_procesados\mascaras_predichas\TCGA_CS_6665_13_mask.npy,1
datos_procesados\TCGA_DU_7013_27.npy,datos_procesados\mascaras_predichas\TCGA_DU_7013_27_mask.npy,1
datos_procesados\TCGA_FG_5962_5.npy,datos_procesados\mascaras_predichas\TCGA_FG_5962_5_mask.npy,0
datos_procesados\TCGA_HT_A61B_61.npy,datos_procesados\mascaras_predichas\TCGA_HT_A61B_61_mask.npy,0
datos_procesados\TCGA_HT_7473_22.npy,datos_procesados\mascaras_predichas\TCGA_HT_7473_22_mask.npy,1
datos_procesados\TCGA_DU_6399_27.npy,datos_procesados\mascaras_predichas\TCGA_DU_6399_27_mask.npy,1
datos_procesados\TCGA_DU_A5TR_1.npy,datos_procesados\mascaras_predichas\TCGA_DU_A5TR_1_mask.npy,0
datos_procesados\TCGA_HT_A61B_76.npy,datos_procesados\mascaras_predichas\TCGA_HT_A61B_76_mask.npy,0
datos_procesados\TCGA_CS_6188_10.npy,datos_procesados\mascaras_predichas\TCGA_CS_6188_10_mask.npy,1
datos_procesados\TCGA_HT_7884_1.npy,datos_procesados\mascaras_predichas\TCGA_HT_7884_1_mask.npy,0
datos_procesados\TCGA_FG_A4MT_23.npy,datos_procesados\mascaras_predichas\TCGA_FG_A4MT_23_mask.npy,1
datos_procesados\TCGA_DU_6405_5.npy,datos_procesados\mascaras_predichas\TCGA_DU_6405_5_mask.npy,0
datos_procesados\TCGA_DU_6405_1.npy,datos_procesados\mascaras_predichas\TCGA_DU_6405_1_mask.npy,0
datos_procesados\TCGA_FG_6691_29.npy,datos_procesados\mascaras_predichas\TCGA_FG_6691_29_mask.npy,1
datos_procesados\TCGA_CS_6667_6.npy,datos_procesados\mascaras_predichas\TCGA_CS_6667_6_mask.npy,0
datos_procesados\TCGA_FG_7637_27.npy,datos_procesados\mascaras_predichas\TCGA_FG_7637_27_mask.npy,1
datos_procesados\TCGA_HT_A61A_58.npy,datos_procesados\mascaras_predichas\TCGA_HT_A61A_58_mask.npy,0
datos_procesados\TCGA_HT_7881_80.npy,datos_procesados\mascaras_predichas\TCGA_HT_7881_80_mask.npy,0
datos_procesados\TCGA_DU_8167_1.npy,datos_procesados\mascaras_predichas\TCGA_DU_8167_1_mask.npy,0
datos_procesados\TCGA_DU_5855_17.npy,datos_procesados\mascaras_predichas\TCGA_DU_5855_17_mask.npy,1
datos_procesados\TCGA_DU_5871_22.npy,datos_procesados\mascaras_predichas\TCGA_DU_5871_22_mask.npy,1
datos_procesados\TCGA_DU_7014_33.npy,datos_procesados\mascaras_predichas\TCGA_DU_7014_33_mask.npy,1
datos_procesados\TCGA_HT_7680_16.npy,datos_procesados\mascaras_predichas\TCGA_HT_7680_16_mask.npy,0
datos_procesados\TCGA_HT_7874_14.npy,datos_procesados\mascaras_predichas\TCGA_HT_7874_14_mask.npy,1
datos_procesados\TCGA_HT_A61B_13.npy,datos_procesados\mascaras_predichas\TCGA_HT_A61B_13_mask.npy,0
datos_procesados\TCGA_HT_7881_42.npy,datos_procesados\mascaras_predichas\TCGA_HT_7881_42_mask.npy,0
datos_procesados\TCGA_DU_5855_8.npy,datos_procesados\mascaras_predichas\TCGA_DU_5855_8_mask.npy,1
datos_procesados\TCGA_HT_7884_8.npy,datos_procesados\mascaras_predichas\TCGA_HT_7884_8_mask.npy,1
datos_procesados\TCGA_CS_6186_23.npy,datos_procesados\mascaras_predichas\TCGA_CS_6186_23_mask.npy,0
datos_procesados\TCGA_DU_8167_5.npy,datos_procesados\mascaras_predichas\TCGA_DU_8167_5_mask.npy,0
datos_procesados\TCGA_DU_6399_3.npy,datos_procesados\mascaras_predichas\TCGA_DU_6399_3_mask.npy,1
datos_procesados\TCGA_DU_7306_12.npy,datos_procesados\mascaras_predichas\TCGA_DU_7306_12_mask.npy,0
datos_procesados\TCGA_DU_7309_20.npy,datos_procesados\mascaras_predichas\TCGA_DU_7309_20_mask.npy,1
datos_procesados\TCGA_FG_7643_35.npy,datos_procesados\mascaras_predichas\TCGA_FG_7643_35_mask.npy,0
datos_procesados\TCGA_FG_6692_24.npy,datos_procesados\mascaras_predichas\TCGA_FG_6692_24_mask.npy,0
datos_procesados\TCGA_FG_6688_7.npy,datos_procesados\mascaras_predichas\TCGA_FG_6688_7_mask.npy,0
datos_procesados\TCGA_HT_7473_1.npy,datos_procesados\mascaras_predichas\TCGA_HT_7473_1_mask.npy,0
datos_procesados\TCGA_FG_6689_2.npy,datos_procesados\mascaras_predichas\TCGA_FG_6689_2_mask.npy,0
datos_procesados\TCGA_DU_A5TP_32.npy,datos_procesados\mascaras_predichas\TCGA_DU_A5TP_32_mask.npy,1
datos_procesados\TCGA_HT_7879_21.npy,datos_procesados\mascaras_predichas\TCGA_HT_7879_21_mask.npy,0
datos_procesados\TCGA_HT_A61B_7.npy,datos_procesados\mascaras_predichas\TCGA_HT_A61B_7_mask.npy,0
datos_procesados\TCGA_CS_4941_10.npy,datos_procesados\mascaras_predichas\TCGA_CS_4941_10_mask.npy,1
datos_procesados\TCGA_DU_7019_18.npy,datos_procesados\mascaras_predichas\TCGA_DU_7019_18_mask.npy,1
datos_procesados\TCGA_CS_6186_21.npy,datos_procesados\mascaras_predichas\TCGA_CS_6186_21_mask.npy,0
datos_procesados\TCGA_FG_8189_3.npy,datos_procesados\mascaras_predichas\TCGA_FG_8189_3_mask.npy,0
datos_procesados\TCGA_CS_6290_8.npy,datos_procesados\mascaras_predichas\TCGA_CS_6290_8_mask.npy,1
datos_procesados\TCGA_HT_7881_15.npy,datos_procesados\mascaras_predichas\TCGA_HT_7881_15_mask.npy,0
datos_procesados\TCGA_DU_6405_25.npy,datos_procesados\mascaras_predichas\TCGA_DU_6405_25_mask.npy,1
datos_procesados\TCGA_HT_8114_7.npy,datos_procesados\mascaras_predichas\TCGA_HT_8114_7_mask.npy,0
datos_procesados\TCGA_DU_8164_31.npy,datos_procesados\mascaras_predichas\TCGA_DU_8164_31_mask.npy,1
datos_procesados\TCGA_HT_8018_9.npy,datos_procesados\mascaras_predichas\TCGA_HT_8018_9_mask.npy,1
datos_procesados\TCGA_HT_7693_18.npy,datos_procesados\mascaras_predichas\TCGA_HT_7693_18_mask.npy,1
datos_procesados\TCGA_DU_8163_15.npy,datos_procesados\mascaras_predichas\TCGA_DU_8163_15_mask.npy,1
datos_procesados\TCGA_DU_7019_20.npy,datos_procesados\mascaras_predichas\TCGA_DU_7019_20_mask.npy,1
datos_procesados\TCGA_HT_7475_13.npy,datos_procesados\mascaras_predichas\TCGA_HT_7475_13_mask.npy,1
datos_procesados\TCGA_CS_4943_19.npy,datos_procesados\mascaras_predichas\TCGA_CS_4943_19_mask.npy,1
datos_procesados\TCGA_HT_A616_15.npy,datos_procesados\mascaras_predichas\TCGA_HT_A616_15_mask.npy,0
datos_procesados\TCGA_HT_7684_7.npy,datos_procesados\mascaras_predichas\TCGA_HT_7684_7_mask.npy,0
datos_procesados\TCGA_HT_7860_5.npy,datos_procesados\mascaras_predichas\TCGA_HT_7860_5_mask.npy,0
datos_procesados\TCGA_DU_7304_6.npy,datos_procesados\mascaras_predichas\TCGA_DU_7304_6_mask.npy,0
datos_procesados\TCGA_CS_6666_4.npy,datos_procesados\mascaras_predichas\TCGA_CS_6666_4_mask.npy,0
datos_procesados\TCGA_CS_6669_7.npy,datos_procesados\mascaras_predichas\TCGA_CS_6669_7_mask.npy,0
datos_procesados\TCGA_CS_4944_15.npy,datos_procesados\mascaras_predichas\TCGA_CS_4944_15_mask.npy,1
datos_procesados\TCGA_FG_6688_4.npy,datos_procesados\mascaras_predichas\TCGA_FG_6688_4_mask.npy,0
datos_procesados\TCGA_DU_5872_52.npy,datos_procesados\mascaras_predichas\TCGA_DU_5872_52_mask.npy,1
datos_procesados\TCGA_HT_7694_15.npy,datos_procesados\mascaras_predichas\TCGA_HT_7694_15_mask.npy,1
datos_procesados\TCGA_HT_7680_5.npy,datos_procesados\mascaras_predichas\TCGA_HT_7680_5_mask.npy,1
datos_procesados\TCGA_DU_6401_37.npy,datos_procesados\mascaras_predichas\TCGA_DU_6401_37_mask.npy,1
datos_procesados\TCGA_DU_A5TP_15.npy,datos_procesados\mascaras_predichas\TCGA_DU_A5TP_15_mask.npy,0
datos_procesados\TCGA_DU_7294_20.npy,datos_procesados\mascaras_predichas\TCGA_DU_7294_20_mask.npy,1
datos_procesados\TCGA_DU_7008_40.npy,datos_procesados\mascaras_predichas\TCGA_DU_7008_40_mask.npy,0
datos_procesados\TCGA_DU_7309_38.npy,datos_procesados\mascaras_predichas\TCGA_DU_7309_38_mask.npy,0
datos_procesados\TCGA_DU_5851_5.npy,datos_procesados\mascaras_predichas\TCGA_DU_5851_5_mask.npy,0
datos_procesados\TCGA_DU_8164_21.npy,datos_procesados\mascaras_predichas\TCGA_DU_8164_21_mask.npy,1
datos_procesados\TCGA_DU_6400_27.npy,datos_procesados\mascaras_predichas\TCGA_DU_6400_27_mask.npy,1
datos_procesados\TCGA_FG_A4MT_36.npy,datos_procesados\mascaras_predichas\TCGA_FG_A4MT_36_mask.npy,0
datos_procesados\TCGA_DU_A5TT_15.npy,datos_procesados\mascaras_predichas\TCGA_DU_A5TT_15_mask.npy,0
datos_procesados\TCGA_FG_6691_7.npy,datos_procesados\mascaras_predichas\TCGA_FG_6691_7_mask.npy,0
datos_procesados\TCGA_HT_A616_7.npy,datos_procesados\mascaras_predichas\TCGA_HT_A616_7_mask.npy,0
datos_procesados\TCGA_DU_5871_23.npy,datos_procesados\mascaras_predichas\TCGA_DU_5871_23_mask.npy,1
datos_procesados\TCGA_DU_7306_37.npy,datos_procesados\mascaras_predichas\TCGA_DU_7306_37_mask.npy,0
datos_procesados\TCGA_HT_7605_32.npy,datos_procesados\mascaras_predichas\TCGA_HT_7605_32_mask.npy,1
datos_procesados\TCGA_HT_7473_21.npy,datos_procesados\mascaras_predichas\TCGA_HT_7473_21_mask.npy,1
datos_procesados\TCGA_CS_4943_5.npy,datos_procesados\mascaras_predichas\TCGA_CS_4943_5_mask.npy,1
datos_procesados\TCGA_CS_5397_16.npy,datos_procesados\mascaras_predichas\TCGA_CS_5397_16_mask.npy,0
datos_procesados\TCGA_CS_6668_8.npy,datos_procesados\mascaras_predichas\TCGA_CS_6668_8_mask.npy,0
datos_procesados\TCGA_HT_7882_26.npy,datos_procesados\mascaras_predichas\TCGA_HT_7882_26_mask.npy,1
datos_procesados\TCGA_CS_4943_4.npy,datos_procesados\mascaras_predichas\TCGA_CS_4943_4_mask.npy,0
datos_procesados\TCGA_HT_A5RC_14.npy,datos_procesados\mascaras_predichas\TCGA_HT_A5RC_14_mask.npy,0
datos_procesados\TCGA_DU_7304_12.npy,datos_procesados\mascaras_predichas\TCGA_DU_7304_12_mask.npy,0
datos_procesados\TCGA_DU_8164_7.npy,datos_procesados\mascaras_predichas\TCGA_DU_8164_7_mask.npy,0
datos_procesados\TCGA_DU_7301_1.npy,datos_procesados\mascaras_predichas\TCGA_DU_7301_1_mask.npy,0
datos_procesados\TCGA_DU_8166_12.npy,datos_procesados\mascaras_predichas\TCGA_DU_8166_12_mask.npy,1
datos_procesados\TCGA_FG_8189_11.npy,datos_procesados\mascaras_predichas\TCGA_FG_8189_11_mask.npy,0
datos_procesados\TCGA_DU_8165_29.npy,datos_procesados\mascaras_predichas\TCGA_DU_8165_29_mask.npy,0
datos_procesados\TCGA_DU_6408_42.npy,datos_procesados\mascaras_predichas\TCGA_DU_6408_42_mask.npy,1
datos_procesados\TCGA_FG_A4MT_9.npy,datos_procesados\mascaras_predichas\TCGA_FG_A4MT_9_mask.npy,1
datos_procesados\TCGA_HT_7879_7.npy,datos_procesados\mascaras_predichas\TCGA_HT_7879_7_mask.npy,0
datos_procesados\TCGA_HT_7860_11.npy,datos_procesados\mascaras_predichas\TCGA_HT_7860_11_mask.npy,0
datos_procesados\TCGA_CS_5397_20.npy,datos_procesados\mascaras_predichas\TCGA_CS_5397_20_mask.npy,0
datos_procesados\TCGA_FG_6690_36.npy,datos_procesados\mascaras_predichas\TCGA_FG_6690_36_mask.npy,1
datos_procesados\TCGA_DU_5872_35.npy,datos_procesados\mascaras_predichas\TCGA_DU_5872_35_mask.npy,1
datos_procesados\TCGA_CS_5397_8.npy,datos_procesados\mascaras_predichas\TCGA_CS_5397_8_mask.npy,1
datos_procesados\TCGA_FG_6692_19.npy,datos_procesados\mascaras_predichas\TCGA_FG_6692_19_mask.npy,1
datos_procesados\TCGA_CS_6186_2.npy,datos_procesados\mascaras_predichas\TCGA_CS_6186_2_mask.npy,1
datos_procesados\TCGA_HT_A61B_39.npy,datos_procesados\mascaras_predichas\TCGA_HT_A61B_39_mask.npy,1
datos_procesados\TCGA_HT_7860_16.npy,datos_procesados\mascaras_predichas\TCGA_HT_7860_16_mask.npy,1
datos_procesados\TCGA_DU_5871_35.npy,datos_procesados\mascaras_predichas\TCGA_DU_5871_35_mask.npy,0
datos_procesados\TCGA_FG_6691_46.npy,datos_procesados\mascaras_predichas\TCGA_FG_6691_46_mask.npy,0
datos_procesados\TCGA_DU_8164_16.npy,datos_procesados\mascaras_predichas\TCGA_DU_8164_16_mask.npy,0
datos_procesados\TCGA_FG_A4MU_25.npy,datos_procesados\mascaras_predichas\TCGA_FG_A4MU_25_mask.npy,1
datos_procesados\TCGA_DU_7019_13.npy,datos_procesados\mascaras_predichas\TCGA_DU_7019_13_mask.npy,1
datos_procesados\TCGA_CS_4944_19.npy,datos_procesados\mascaras_predichas\TCGA_CS_4944_19_mask.npy,1
datos_procesados\TCGA_FG_7643_24.npy,datos_procesados\mascaras_predichas\TCGA_FG_7643_24_mask.npy,1
datos_procesados\TCGA_HT_7602_12.npy,datos_procesados\mascaras_predichas\TCGA_HT_7602_12_mask.npy,1
datos_procesados\TCGA_DU_A5TY_2.npy,datos_procesados\mascaras_predichas\TCGA_DU_A5TY_2_mask.npy,0
datos_procesados\TCGA_CS_6290_15.npy,datos_procesados\mascaras_predichas\TCGA_CS_6290_15_mask.npy,0
datos_procesados\TCGA_DU_8164_37.npy,datos_procesados\mascaras_predichas\TCGA_DU_8164_37_mask.npy,0
datos_procesados\TCGA_HT_A61B_41.npy,datos_procesados\mascaras_predichas\TCGA_HT_A61B_41_mask.npy,1
datos_procesados\TCGA_DU_7010_22.npy,datos_procesados\mascaras_predichas\TCGA_DU_7010_22_mask.npy,0
datos_procesados\TCGA_HT_8105_32.npy,datos_procesados\mascaras_predichas\TCGA_HT_8105_32_mask.npy,0
datos_procesados\TCGA_HT_7884_18.npy,datos_procesados\mascaras_predichas\TCGA_HT_7884_18_mask.npy,0
datos_procesados\TCGA_HT_7475_17.npy,datos_procesados\mascaras_predichas\TCGA_HT_7475_17_mask.npy,1
datos_procesados\TCGA_DU_A5TY_23.npy,datos_procesados\mascaras_predichas\TCGA_DU_A5TY_23_mask.npy,1
datos_procesados\TCGA_HT_A616_6.npy,datos_procesados\mascaras_predichas\TCGA_HT_A616_6_mask.npy,0
datos_procesados\TCGA_DU_8168_19.npy,datos_procesados\mascaras_predichas\TCGA_DU_8168_19_mask.npy,1
datos_procesados\TCGA_DU_8162_30.npy,datos_procesados\mascaras_predichas\TCGA_DU_8162_30_mask.npy,0
datos_procesados\TCGA_DU_7309_35.npy,datos_procesados\mascaras_predichas\TCGA_DU_7309_35_mask.npy,0
datos_procesados\TCGA_FG_6690_53.npy,datos_procesados\mascaras_predichas\TCGA_FG_6690_53_mask.npy,1
datos_procesados\TCGA_CS_6188_14.npy,datos_procesados\mascaras_predichas\TCGA_CS_6188_14_mask.npy,0
datos_procesados\TCGA_HT_A61B_49.npy,datos_procesados\mascaras_predichas\TCGA_HT_A61B_49_mask.npy,1
datos_procesados\TCGA_HT_8563_19.npy,datos_procesados\mascaras_predichas\TCGA_HT_8563_19_mask.npy,0
datos_procesados\TCGA_DU_7298_4.npy,datos_procesados\mascaras_predichas\TCGA_DU_7298_4_mask.npy,0
datos_procesados\TCGA_FG_6691_28.npy,datos_procesados\mascaras_predichas\TCGA_FG_6691_28_mask.npy,1
datos_procesados\TCGA_CS_5396_8.npy,datos_procesados\mascaras_predichas\TCGA_CS_5396_8_mask.npy,0
datos_procesados\TCGA_FG_6689_14.npy,datos_procesados\mascaras_predichas\TCGA_FG_6689_14_mask.npy,0
datos_procesados\TCGA_CS_5396_19.npy,datos_procesados\mascaras_predichas\TCGA_CS_5396_19_mask.npy,1
datos_procesados\TCGA_DU_7013_33.npy,datos_procesados\mascaras_predichas\TCGA_DU_7013_33_mask.npy,0
datos_procesados\TCGA_DU_A5TU_23.npy,datos_procesados\mascaras_predichas\TCGA_DU_A5TU_23_mask.npy,0
datos_procesados\TCGA_DU_A5TW_10.npy,datos_procesados\mascaras_predichas\TCGA_DU_A5TW_10_mask.npy,0
datos_procesados\TCGA_HT_7605_16.npy,datos_procesados\mascaras_predichas\TCGA_HT_7605_16_mask.npy,1
datos_procesados\TCGA_DU_7019_6.npy,datos_procesados\mascaras_predichas\TCGA_DU_7019_6_mask.npy,0
datos_procesados\TCGA_HT_7882_3.npy,datos_procesados\mascaras_predichas\TCGA_HT_7882_3_mask.npy,0
datos_procesados\TCGA_CS_5393_17.npy,datos_procesados\mascaras_predichas\TCGA_CS_5393_17_mask.npy,0
datos_procesados\TCGA_HT_A61B_23.npy,datos_procesados\mascaras_predichas\TCGA_HT_A61B_23_mask.npy,0
datos_procesados\TCGA_DU_7014_3.npy,datos_procesados\mascaras_predichas\TCGA_DU_7014_3_mask.npy,0
datos_procesados\TCGA_DU_6405_4.npy,datos_procesados\mascaras_predichas\TCGA_DU_6405_4_mask.npy,0
datos_procesados\TCGA_FG_7643_44.npy,datos_procesados\mascaras_predichas\TCGA_FG_7643_44_mask.npy,1
datos_procesados\TCGA_DU_5872_19.npy,datos_procesados\mascaras_predichas\TCGA_DU_5872_19_mask.npy,0
datos_procesados\TCGA_DU_7299_29.npy,datos_procesados\mascaras_predichas\TCGA_DU_7299_29_mask.npy,1
datos_procesados\TCGA_FG_A4MT_8.npy,datos_procesados\mascaras_predichas\TCGA_FG_A4MT_8_mask.npy,1
datos_procesados\TCGA_DU_A5TR_20.npy,datos_procesados\mascaras_predichas\TCGA_DU_A5TR_20_mask.npy,1
datos_procesados\TCGA_DU_7018_7.npy,datos_procesados\mascaras_predichas\TCGA_DU_7018_7_mask.npy,0
datos_procesados\TCGA_DU_5853_1.npy,datos_procesados\mascaras_predichas\TCGA_DU_5853_1_mask.npy,0
datos_procesados\TCGA_CS_6669_8.npy,datos_procesados\mascaras_predichas\TCGA_CS_6669_8_mask.npy,0
datos_procesados\TCGA_DU_6401_39.npy,datos_procesados\mascaras_predichas\TCGA_DU_6401_39_mask.npy,1
datos_procesados\TCGA_FG_A4MU_23.npy,datos_procesados\mascaras_predichas\TCGA_FG_A4MU_23_mask.npy,1
datos_procesados\TCGA_CS_6669_11.npy,datos_procesados\mascaras_predichas\TCGA_CS_6669_11_mask.npy,1
datos_procesados\TCGA_DU_A5TY_34.npy,datos_procesados\mascaras_predichas\TCGA_DU_A5TY_34_mask.npy,0
datos_procesados\TCGA_HT_A61A_11.npy,datos_procesados\mascaras_predichas\TCGA_HT_A61A_11_mask.npy,0
datos_procesados\TCGA_DU_7010_23.npy,datos_procesados\mascaras_predichas\TCGA_DU_7010_23_mask.npy,0
datos_procesados\TCGA_DU_5851_19.npy,datos_procesados\mascaras_predichas\TCGA_DU_5851_19_mask.npy,1
datos_procesados\TCGA_DU_5851_14.npy,datos_procesados\mascaras_predichas\TCGA_DU_5851_14_mask.npy,1
datos_procesados\TCGA_HT_8114_12.npy,datos_procesados\mascaras_predichas\TCGA_HT_8114_12_mask.npy,1
datos_procesados\TCGA_DU_7013_41.npy,datos_procesados\mascaras_predichas\TCGA_DU_7013_41_mask.npy,0
datos_procesados\TCGA_DU_5874_33.npy,datos_procesados\mascaras_predichas\TCGA_DU_5874_33_mask.npy,0
datos_procesados\TCGA_DU_A5TT_11.npy,datos_procesados\mascaras_predichas\TCGA_DU_A5TT_11_mask.npy,0
datos_procesados\TCGA_EZ_7264_14.npy,datos_procesados\mascaras_predichas\TCGA_EZ_7264_14_mask.npy,0
datos_procesados\TCGA_DU_6408_20.npy,datos_procesados\mascaras_predichas\TCGA_DU_6408_20_mask.npy,1
datos_procesados\TCGA_DU_8166_9.npy,datos_procesados\mascaras_predichas\TCGA_DU_8166_9_mask.npy,0
datos_procesados\TCGA_CS_5395_1.npy,datos_procesados\mascaras_predichas\TCGA_CS_5395_1_mask.npy,0
datos_procesados\TCGA_HT_7693_2.npy,datos_procesados\mascaras_predichas\TCGA_HT_7693_2_mask.npy,0
datos_procesados\TCGA_DU_8166_21.npy,datos_procesados\mascaras_predichas\TCGA_DU_8166_21_mask.npy,1
datos_procesados\TCGA_HT_8114_14.npy,datos_procesados\mascaras_predichas\TCGA_HT_8114_14_mask.npy,1
datos_procesados\TCGA_DU_7010_24.npy,datos_procesados\mascaras_predichas\TCGA_DU_7010_24_mask.npy,1
datos_procesados\TCGA_DU_5853_32.npy,datos_procesados\mascaras_predichas\TCGA_DU_5853_32_mask.npy,0
datos_procesados\TCGA_DU_5849_36.npy,datos_procesados\mascaras_predichas\TCGA_DU_5849_36_mask.npy,0
datos_procesados\TCGA_DU_7008_49.npy,datos_procesados\mascaras_predichas\TCGA_DU_7008_49_mask.npy,0
datos_procesados\TCGA_EZ_7264_23.npy,datos_procesados\mascaras_predichas\TCGA_EZ_7264_23_mask.npy,0
datos_procesados\TCGA_DU_5874_21.npy,datos_procesados\mascaras_predichas\TCGA_DU_5874_21_mask.npy,1
datos_procesados\TCGA_HT_7874_20.npy,datos_procesados\mascaras_predichas\TCGA_HT_7874_20_mask.npy,0
datos_procesados\TCGA_HT_7693_17.npy,datos_procesados\mascaras_predichas\TCGA_HT_7693_17_mask.npy,1
datos_procesados\TCGA_HT_A61B_19.npy,datos_procesados\mascaras_predichas\TCGA_HT_A61B_19_mask.npy,0
datos_procesados\TCGA_HT_7605_28.npy,datos_procesados\mascaras_predichas\TCGA_HT_7605_28_mask.npy,1
datos_procesados\TCGA_HT_7881_45.npy,datos_procesados\mascaras_predichas\TCGA_HT_7881_45_mask.npy,0
datos_procesados\TCGA_DU_6405_20.npy,datos_procesados\mascaras_predichas\TCGA_DU_6405_20_mask.npy,1
datos_procesados\TCGA_HT_7686_2.npy,datos_procesados\mascaras_predichas\TCGA_HT_7686_2_mask.npy,0
datos_procesados\TCGA_FG_6689_29.npy,datos_procesados\mascaras_predichas\TCGA_FG_6689_29_mask.npy,1
datos_procesados\TCGA_DU_A5TP_18.npy,datos_procesados\mascaras_predichas\TCGA_DU_A5TP_18_mask.npy,1
datos_procesados\TCGA_HT_7884_3.npy,datos_procesados\mascaras_predichas\TCGA_HT_7884_3_mask.npy,0
datos_procesados\TCGA_HT_A616_26.npy,datos_procesados\mascaras_predichas\TCGA_HT_A616_26_mask.npy,0
datos_procesados\TCGA_DU_6404_28.npy,datos_procesados\mascaras_predichas\TCGA_DU_6404_28_mask.npy,0
datos_procesados\TCGA_DU_8162_13.npy,datos_procesados\mascaras_predichas\TCGA_DU_8162_13_mask.npy,1
datos_procesados\TCGA_DU_A5TP_38.npy,datos_procesados\mascaras_predichas\TCGA_DU_A5TP_38_mask.npy,0
datos_procesados\TCGA_DU_7304_29.npy,datos_procesados\mascaras_predichas\TCGA_DU_7304_29_mask.npy,1
datos_procesados\TCGA_DU_7014_21.npy,datos_procesados\mascaras_predichas\TCGA_DU_7014_21_mask.npy,0
datos_procesados\TCGA_HT_8018_2.npy,datos_procesados\mascaras_predichas\TCGA_HT_8018_2_mask.npy,0
datos_procesados\TCGA_DU_A5TP_17.npy,datos_procesados\mascaras_predichas\TCGA_DU_A5TP_17_mask.npy,0
datos_procesados\TCGA_FG_7634_8.npy,datos_procesados\mascaras_predichas\TCGA_FG_7634_8_mask.npy,0
datos_procesados\TCGA_DU_6407_47.npy,datos_procesados\mascaras_predichas\TCGA_DU_6407_47_mask.npy,0
datos_procesados\TCGA_DU_A5TY_27.npy,datos_procesados\mascaras_predichas\TCGA_DU_A5TY_27_mask.npy,1
datos_procesados\TCGA_HT_8105_14.npy,datos_procesados\mascaras_predichas\TCGA_HT_8105_14_mask.npy,1
datos_procesados\TCGA_CS_4942_18.npy,datos_procesados\mascaras_predichas\TCGA_CS_4942_18_mask.npy,0
datos_procesados\TCGA_DU_8163_30.npy,datos_procesados\mascaras_predichas\TCGA_DU_8163_30_mask.npy,0
datos_procesados\TCGA_HT_7877_10.npy,datos_procesados\mascaras_predichas\TCGA_HT_7877_10_mask.npy,0
datos_procesados\TCGA_DU_7008_37.npy,datos_procesados\mascaras_predichas\TCGA_DU_7008_37_mask.npy,1
datos_procesados\TCGA_DU_5855_10.npy,datos_procesados\mascaras_predichas\TCGA_DU_5855_10_mask.npy,0
datos_procesados\TCGA_HT_A616_4.npy,datos_procesados\mascaras_predichas\TCGA_HT_A616_4_mask.npy,1
datos_procesados\TCGA_FG_8189_53.npy,datos_procesados\mascaras_predichas\TCGA_FG_8189_53_mask.npy,0
datos_procesados\TCGA_DU_6407_2.npy,datos_procesados\mascaras_predichas\TCGA_DU_6407_2_mask.npy,0
datos_procesados\TCGA_FG_8189_31.npy,datos_procesados\mascaras_predichas\TCGA_FG_8189_31_mask.npy,1
datos_procesados\TCGA_CS_5393_10.npy,datos_procesados\mascaras_predichas\TCGA_CS_5393_10_mask.npy,1
datos_procesados\TCGA_HT_7692_15.npy,datos_procesados\mascaras_predichas\TCGA_HT_7692_15_mask.npy,1
datos_procesados\TCGA_HT_7881_44.npy,datos_procesados\mascaras_predichas\TCGA_HT_7881_44_mask.npy,0
datos_procesados\TCGA_HT_7882_2.npy,datos_procesados\mascaras_predichas\TCGA_HT_7882_2_mask.npy,0
datos_procesados\TCGA_HT_A61A_52.npy,datos_procesados\mascaras_predichas\TCGA_HT_A61A_52_mask.npy,1
datos_procesados\TCGA_DU_7010_54.npy,datos_procesados\mascaras_predichas\TCGA_DU_7010_54_mask.npy,0
datos_procesados\TCGA_HT_7881_61.npy,datos_procesados\mascaras_predichas\TCGA_HT_7881_61_mask.npy,0
datos_procesados\TCGA_HT_7882_30.npy,datos_procesados\mascaras_predichas\TCGA_HT_7882_30_mask.npy,1
datos_procesados\TCGA_DU_7300_15.npy,datos_procesados\mascaras_predichas\TCGA_DU_7300_15_mask.npy,1
datos_procesados\TCGA_DU_5872_7.npy,datos_procesados\mascaras_predichas\TCGA_DU_5872_7_mask.npy,1
datos_procesados\TCGA_HT_7874_6.npy,datos_procesados\mascaras_predichas\TCGA_HT_7874_6_mask.npy,0
datos_procesados\TCGA_DU_5871_28.npy,datos_procesados\mascaras_predichas\TCGA_DU_5871_28_mask.npy,1
datos_procesados\TCGA_DU_5871_32.npy,datos_procesados\mascaras_predichas\TCGA_DU_5871_32_mask.npy,0
datos_procesados\TCGA_CS_4941_1.npy,datos_procesados\mascaras_predichas\TCGA_CS_4941_1_mask.npy,1
datos_procesados\TCGA_DU_6407_23.npy,datos_procesados\mascaras_predichas\TCGA_DU_6407_23_mask.npy,1
datos_procesados\TCGA_HT_7874_16.npy,datos_procesados\mascaras_predichas\TCGA_HT_7874_16_mask.npy,0
datos_procesados\TCGA_FG_A60K_21.npy,datos_procesados\mascaras_predichas\TCGA_FG_A60K_21_mask.npy,0
datos_procesados\TCGA_HT_7605_6.npy,datos_procesados\mascaras_predichas\TCGA_HT_7605_6_mask.npy,1
datos_procesados\TCGA_HT_8111_17.npy,datos_procesados\mascaras_predichas\TCGA_HT_8111_17_mask.npy,1
datos_procesados\TCGA_DU_5872_53.npy,datos_procesados\mascaras_predichas\TCGA_DU_5872_53_mask.npy,0
datos_procesados\TCGA_HT_7855_19.npy,datos_procesados\mascaras_predichas\TCGA_HT_7855_19_mask.npy,0
datos_procesados\TCGA_DU_8162_29.npy,datos_procesados\mascaras_predichas\TCGA_DU_8162_29_mask.npy,0
datos_procesados\TCGA_DU_8166_23.npy,datos_procesados\mascaras_predichas\TCGA_DU_8166_23_mask.npy,1
datos_procesados\TCGA_HT_A61A_84.npy,datos_procesados\mascaras_predichas\TCGA_HT_A61A_84_mask.npy,0
datos_procesados\TCGA_HT_8111_18.npy,datos_procesados\mascaras_predichas\TCGA_HT_8111_18_mask.npy,1
datos_procesados\TCGA_HT_8563_7.npy,datos_procesados\mascaras_predichas\TCGA_HT_8563_7_mask.npy,0
datos_procesados\TCGA_HT_A616_3.npy,datos_procesados\mascaras_predichas\TCGA_HT_A616_3_mask.npy,0
datos_procesados\TCGA_CS_6186_15.npy,datos_procesados\mascaras_predichas\TCGA_CS_6186_15_mask.npy,1
datos_procesados\TCGA_DU_8167_22.npy,datos_procesados\mascaras_predichas\TCGA_DU_8167_22_mask.npy,1
datos_procesados\TCGA_HT_8563_2.npy,datos_procesados\mascaras_predichas\TCGA_HT_8563_2_mask.npy,0
datos_procesados\TCGA_DU_7019_29.npy,datos_procesados\mascaras_predichas\TCGA_DU_7019_29_mask.npy,0
datos_procesados\TCGA_FG_5964_23.npy,datos_procesados\mascaras_predichas\TCGA_FG_5964_23_mask.npy,1
datos_procesados\TCGA_HT_7616_12.npy,datos_procesados\mascaras_predichas\TCGA_HT_7616_12_mask.npy,0
datos_procesados\TCGA_HT_7856_18.npy,datos_procesados\mascaras_predichas\TCGA_HT_7856_18_mask.npy,1
datos_procesados\TCGA_HT_8105_20.npy,datos_procesados\mascaras_predichas\TCGA_HT_8105_20_mask.npy,1
datos_procesados\TCGA_DU_8166_32.npy,datos_procesados\mascaras_predichas\TCGA_DU_8166_32_mask.npy,0
datos_procesados\TCGA_DU_7018_35.npy,datos_procesados\mascaras_predichas\TCGA_DU_7018_35_mask.npy,0
datos_procesados\TCGA_FG_7643_22.npy,datos_procesados\mascaras_predichas\TCGA_FG_7643_22_mask.npy,1
datos_procesados\TCGA_DU_7306_30.npy,datos_procesados\mascaras_predichas\TCGA_DU_7306_30_mask.npy,0
datos_procesados\TCGA_DU_7013_40.npy,datos_procesados\mascaras_predichas\TCGA_DU_7013_40_mask.npy,0
datos_procesados\TCGA_FG_A60K_65.npy,datos_procesados\mascaras_predichas\TCGA_FG_A60K_65_mask.npy,0
datos_procesados\TCGA_DU_8164_24.npy,datos_procesados\mascaras_predichas\TCGA_DU_8164_24_mask.npy,1
datos_procesados\TCGA_DU_A5TT_27.npy,datos_procesados\mascaras_predichas\TCGA_DU_A5TT_27_mask.npy,0
datos_procesados\TCGA_HT_A61B_60.npy,datos_procesados\mascaras_predichas\TCGA_HT_A61B_60_mask.npy,0
datos_procesados\TCGA_DU_5851_20.npy,datos_procesados\mascaras_predichas\TCGA_DU_5851_20_mask.npy,1
datos_procesados\TCGA_HT_A5RC_31.npy,datos_procesados\mascaras_predichas\TCGA_HT_A5RC_31_mask.npy,0
datos_procesados\TCGA_FG_5964_1.npy,datos_procesados\mascaras_predichas\TCGA_FG_5964_1_mask.npy,0
datos_procesados\TCGA_HT_7860_12.npy,datos_procesados\mascaras_predichas\TCGA_HT_7860_12_mask.npy,1
datos_procesados\TCGA_HT_7686_17.npy,datos_procesados\mascaras_predichas\TCGA_HT_7686_17_mask.npy,0
datos_procesados\TCGA_DU_A5TU_12.npy,datos_procesados\mascaras_predichas\TCGA_DU_A5TU_12_mask.npy,1
datos_procesados\TCGA_CS_6668_1.npy,datos_procesados\mascaras_predichas\TCGA_CS_6668_1_mask.npy,0
datos_procesados\TCGA_DU_7301_9.npy,datos_procesados\mascaras_predichas\TCGA_DU_7301_9_mask.npy,0
datos_procesados\TCGA_HT_7856_6.npy,datos_procesados\mascaras_predichas\TCGA_HT_7856_6_mask.npy,1
datos_procesados\TCGA_DU_7304_18.npy,datos_procesados\mascaras_predichas\TCGA_DU_7304_18_mask.npy,1
datos_procesados\TCGA_CS_6666_16.npy,datos_procesados\mascaras_predichas\TCGA_CS_6666_16_mask.npy,1
datos_procesados\TCGA_DU_8164_36.npy,datos_procesados\mascaras_predichas\TCGA_DU_8164_36_mask.npy,0
datos_procesados\TCGA_CS_6666_7.npy,datos_procesados\mascaras_predichas\TCGA_CS_6666_7_mask.npy,0
datos_procesados\TCGA_FG_A60K_9.npy,datos_procesados\mascaras_predichas\TCGA_FG_A60K_9_mask.npy,0
datos_procesados\TCGA_FG_8189_34.npy,datos_procesados\mascaras_predichas\TCGA_FG_8189_34_mask.npy,1
datos_procesados\TCGA_FG_6690_33.npy,datos_procesados\mascaras_predichas\TCGA_FG_6690_33_mask.npy,1
datos_procesados\TCGA_DU_6399_1.npy,datos_procesados\mascaras_predichas\TCGA_DU_6399_1_mask.npy,1
datos_procesados\TCGA_DU_7010_19.npy,datos_procesados\mascaras_predichas\TCGA_DU_7010_19_mask.npy,0
datos_procesados\TCGA_DU_7010_43.npy,datos_procesados\mascaras_predichas\TCGA_DU_7010_43_mask.npy,1
datos_procesados\TCGA_DU_A5TY_16.npy,datos_procesados\mascaras_predichas\TCGA_DU_A5TY_16_mask.npy,1
datos_procesados\TCGA_HT_7874_15.npy,datos_procesados\mascaras_predichas\TCGA_HT_7874_15_mask.npy,0
datos_procesados\TCGA_FG_7643_33.npy,datos_procesados\mascaras_predichas\TCGA_FG_7643_33_mask.npy,0
datos_procesados\TCGA_DU_7010_44.npy,datos_procesados\mascaras_predichas\TCGA_DU_7010_44_mask.npy,1
datos_procesados\TCGA_DU_7302_30.npy,datos_procesados\mascaras_predichas\TCGA_DU_7302_30_mask.npy,1
datos_procesados\TCGA_DU_5872_34.npy,datos_procesados\mascaras_predichas\TCGA_DU_5872_34_mask.npy,1
datos_procesados\TCGA_DU_6401_30.npy,datos_procesados\mascaras_predichas\TCGA_DU_6401_30_mask.npy,1
datos_procesados\TCGA_DU_5853_31.npy,datos_procesados\mascaras_predichas\TCGA_DU_5853_31_mask.npy,1
datos_procesados\TCGA_DU_7008_29.npy,datos_procesados\mascaras_predichas\TCGA_DU_7008_29_mask.npy,1
datos_procesados\TCGA_FG_A4MU_26.npy,datos_procesados\mascaras_predichas\TCGA_FG_A4MU_26_mask.npy,1
datos_procesados\TCGA_HT_A616_21.npy,datos_procesados\mascaras_predichas\TCGA_HT_A616_21_mask.npy,1
datos_procesados\TCGA_DU_6408_55.npy,datos_procesados\mascaras_predichas\TCGA_DU_6408_55_mask.npy,0
datos_procesados\TCGA_HT_A61B_42.npy,datos_procesados\mascaras_predichas\TCGA_HT_A61B_42_mask.npy,1
datos_procesados\TCGA_DU_6400_29.npy,datos_procesados\mascaras_predichas\TCGA_DU_6400_29_mask.npy,1
datos_procesados\TCGA_DU_A5TR_4.npy,datos_procesados\mascaras_predichas\TCGA_DU_A5TR_4_mask.npy,0
datos_procesados\TCGA_CS_6188_4.npy,datos_procesados\mascaras_predichas\TCGA_CS_6188_4_mask.npy,0
datos_procesados\TCGA_FG_A4MU_10.npy,datos_procesados\mascaras_predichas\TCGA_FG_A4MU_10_mask.npy,1
datos_procesados\TCGA_FG_6691_9.npy,datos_procesados\mascaras_predichas\TCGA_FG_6691_9_mask.npy,0
datos_procesados\TCGA_DU_7008_4.npy,datos_procesados\mascaras_predichas\TCGA_DU_7008_4_mask.npy,0
datos_procesados\TCGA_FG_6691_30.npy,datos_procesados\mascaras_predichas\TCGA_FG_6691_30_mask.npy,1
datos_procesados\TCGA_DU_A5TT_33.npy,datos_procesados\mascaras_predichas\TCGA_DU_A5TT_33_mask.npy,0
datos_procesados\TCGA_DU_8162_24.npy,datos_procesados\mascaras_predichas\TCGA_DU_8162_24_mask.npy,0
datos_procesados\TCGA_DU_A5TP_16.npy,datos_procesados\mascaras_predichas\TCGA_DU_A5TP_16_mask.npy,0
datos_procesados\TCGA_DU_8168_16.npy,datos_procesados\mascaras_predichas\TCGA_DU_8168_16_mask.npy,1
datos_procesados\TCGA_HT_7605_11.npy,datos_procesados\mascaras_predichas\TCGA_HT_7605_11_mask.npy,0
datos_procesados\TCGA_HT_8018_5.npy,datos_procesados\mascaras_predichas\TCGA_HT_8018_5_mask.npy,0
datos_procesados\TCGA_DU_5871_6.npy,datos_procesados\mascaras_predichas\TCGA_DU_5871_6_mask.npy,1
datos_procesados\TCGA_HT_7882_10.npy,datos_procesados\mascaras_predichas\TCGA_HT_7882_10_mask.npy,0
datos_procesados\TCGA_HT_7690_9.npy,datos_procesados\mascaras_predichas\TCGA_HT_7690_9_mask.npy,0
datos_procesados\TCGA_HT_A5RC_1.npy,datos_procesados\mascaras_predichas\TCGA_HT_A5RC_1_mask.npy,0
datos_procesados\TCGA_DU_7013_6.npy,datos_procesados\mascaras_predichas\TCGA_DU_7013_6_mask.npy,0
datos_procesados\TCGA_DU_7294_5.npy,datos_procesados\mascaras_predichas\TCGA_DU_7294_5_mask.npy,1
datos_procesados\TCGA_DU_6401_23.npy,datos_procesados\mascaras_predichas\TCGA_DU_6401_23_mask.npy,1
datos_procesados\TCGA_HT_A61B_12.npy,datos_procesados\mascaras_predichas\TCGA_HT_A61B_12_mask.npy,0
datos_procesados\TCGA_DU_7018_9.npy,datos_procesados\mascaras_predichas\TCGA_DU_7018_9_mask.npy,1
datos_procesados\TCGA_DU_7018_30.npy,datos_procesados\mascaras_predichas\TCGA_DU_7018_30_mask.npy,0
datos_procesados\TCGA_HT_7877_4.npy,datos_procesados\mascaras_predichas\TCGA_HT_7877_4_mask.npy,0
datos_procesados\TCGA_DU_7299_1.npy,datos_procesados\mascaras_predichas\TCGA_DU_7299_1_mask.npy,0
datos_procesados\TCGA_HT_8563_8.npy,datos_procesados\mascaras_predichas\TCGA_HT_8563_8_mask.npy,1
datos_procesados\TCGA_HT_8106_22.npy,datos_procesados\mascaras_predichas\TCGA_HT_8106_22_mask.npy,0
datos_procesados\TCGA_DU_7018_12.npy,datos_procesados\mascaras_predichas\TCGA_DU_7018_12_mask.npy,1
datos_procesados\TCGA_HT_A616_22.npy,datos_procesados\mascaras_predichas\TCGA_HT_A616_22_mask.npy,0
datos_procesados\TCGA_FG_6690_51.npy,datos_procesados\mascaras_predichas\TCGA_FG_6690_51_mask.npy,0
datos_procesados\TCGA_DU_8165_19.npy,datos_procesados\mascaras_predichas\TCGA_DU_8165_19_mask.npy,0
datos_procesados\TCGA_HT_7602_15.npy,datos_procesados\mascaras_predichas\TCGA_HT_7602_15_mask.npy,0
datos_procesados\TCGA_DU_5871_14.npy,datos_procesados\mascaras_predichas\TCGA_DU_5871_14_mask.npy,0
datos_procesados\TCGA_FG_7637_37.npy,datos_procesados\mascaras_predichas\TCGA_FG_7637_37_mask.npy,0
datos_procesados\TCGA_FG_A60K_43.npy,datos_procesados\mascaras_predichas\TCGA_FG_A60K_43_mask.npy,0
datos_procesados\TCGA_HT_7693_4.npy,datos_procesados\mascaras_predichas\TCGA_HT_7693_4_mask.npy,0
datos_procesados\TCGA_FG_8189_43.npy,datos_procesados\mascaras_predichas\TCGA_FG_8189_43_mask.npy,0
datos_procesados\TCGA_HT_7694_11.npy,datos_procesados\mascaras_predichas\TCGA_HT_7694_11_mask.npy,1
datos_procesados\TCGA_DU_8166_19.npy,datos_procesados\mascaras_predichas\TCGA_DU_8166_19_mask.npy,1
datos_procesados\TCGA_DU_6407_11.npy,datos_procesados\mascaras_predichas\TCGA_DU_6407_11_mask.npy,1
datos_procesados\TCGA_HT_7608_16.npy,datos_procesados\mascaras_predichas\TCGA_HT_7608_16_mask.npy,1
datos_procesados\TCGA_DU_A5TT_51.npy,datos_procesados\mascaras_predichas\TCGA_DU_A5TT_51_mask.npy,1
datos_procesados\TCGA_FG_6690_34.npy,datos_procesados\mascaras_predichas\TCGA_FG_6690_34_mask.npy,1
datos_procesados\TCGA_FG_7637_29.npy,datos_procesados\mascaras_predichas\TCGA_FG_7637_29_mask.npy,1
datos_procesados\TCGA_DU_8162_32.npy,datos_procesados\mascaras_predichas\TCGA_DU_8162_32_mask.npy,0
datos_procesados\TCGA_HT_7602_3.npy,datos_procesados\mascaras_predichas\TCGA_HT_7602_3_mask.npy,1
datos_procesados\TCGA_CS_6186_6.npy,datos_procesados\mascaras_predichas\TCGA_CS_6186_6_mask.npy,0
datos_procesados\TCGA_DU_8168_10.npy,datos_procesados\mascaras_predichas\TCGA_DU_8168_10_mask.npy,0
datos_procesados\TCGA_HT_8105_1.npy,datos_procesados\mascaras_predichas\TCGA_HT_8105_1_mask.npy,0
datos_procesados\TCGA_DU_6399_42.npy,datos_procesados\mascaras_predichas\TCGA_DU_6399_42_mask.npy,0
datos_procesados\TCGA_DU_8164_17.npy,datos_procesados\mascaras_predichas\TCGA_DU_8164_17_mask.npy,0
datos_procesados\TCGA_FG_7637_3.npy,datos_procesados\mascaras_predichas\TCGA_FG_7637_3_mask.npy,0
datos_procesados\TCGA_DU_6405_7.npy,datos_procesados\mascaras_predichas\TCGA_DU_6405_7_mask.npy,0
datos_procesados\TCGA_DU_6401_22.npy,datos_procesados\mascaras_predichas\TCGA_DU_6401_22_mask.npy,1
datos_procesados\TCGA_HT_A616_11.npy,datos_procesados\mascaras_predichas\TCGA_HT_A616_11_mask.npy,0
datos_procesados\TCGA_DU_6400_18.npy,datos_procesados\mascaras_predichas\TCGA_DU_6400_18_mask.npy,1
datos_procesados\TCGA_HT_7881_28.npy,datos_procesados\mascaras_predichas\TCGA_HT_7881_28_mask.npy,1
datos_procesados\TCGA_DU_5855_3.npy,datos_procesados\mascaras_predichas\TCGA_DU_5855_3_mask.npy,1
datos_procesados\TCGA_DU_5872_37.npy,datos_procesados\mascaras_predichas\TCGA_DU_5872_37_mask.npy,1
datos_procesados\TCGA_DU_7302_29.npy,datos_procesados\mascaras_predichas\TCGA_DU_7302_29_mask.npy,1
datos_procesados\TCGA_DU_7014_1.npy,datos_procesados\mascaras_predichas\TCGA_DU_7014_1_mask.npy,0
datos_procesados\TCGA_DU_7306_34.npy,datos_procesados\mascaras_predichas\TCGA_DU_7306_34_mask.npy,0
datos_procesados\TCGA_FG_A4MU_19.npy,datos_procesados\mascaras_predichas\TCGA_FG_A4MU_19_mask.npy,1
datos_procesados\TCGA_DU_7014_19.npy,datos_procesados\mascaras_predichas\TCGA_DU_7014_19_mask.npy,0
datos_procesados\TCGA_HT_7881_34.npy,datos_procesados\mascaras_predichas\TCGA_HT_7881_34_mask.npy,1
datos_procesados\TCGA_HT_7879_10.npy,datos_procesados\mascaras_predichas\TCGA_HT_7879_10_mask.npy,1
datos_procesados\TCGA_CS_6666_25.npy,datos_procesados\mascaras_predichas\TCGA_CS_6666_25_mask.npy,0
datos_procesados\TCGA_HT_7473_2.npy,datos_procesados\mascaras_predichas\TCGA_HT_7473_2_mask.npy,1
datos_procesados\TCGA_DU_8164_34.npy,datos_procesados\mascaras_predichas\TCGA_DU_8164_34_mask.npy,0
datos_procesados\TCGA_DU_5872_9.npy,datos_procesados\mascaras_predichas\TCGA_DU_5872_9_mask.npy,1
datos_procesados\TCGA_HT_7690_11.npy,datos_procesados\mascaras_predichas\TCGA_HT_7690_11_mask.npy,0
datos_procesados\TCGA_DU_8166_30.npy,datos_procesados\mascaras_predichas\TCGA_DU_8166_30_mask.npy,0
datos_procesados\TCGA_HT_A5RC_23.npy,datos_procesados\mascaras_predichas\TCGA_HT_A5RC_23_mask.npy,0
datos_procesados\TCGA_DU_6401_11.npy,datos_procesados\mascaras_predichas\TCGA_DU_6401_11_mask.npy,0
datos_procesados\TCGA_DU_7302_27.npy,datos_procesados\mascaras_predichas\TCGA_DU_7302_27_mask.npy,1
datos_procesados\TCGA_FG_6690_25.npy,datos_procesados\mascaras_predichas\TCGA_FG_6690_25_mask.npy,1
datos_procesados\TCGA_HT_7877_7.npy,datos_procesados\mascaras_predichas\TCGA_HT_7877_7_mask.npy,0
datos_procesados\TCGA_DU_6408_51.npy,datos_procesados\mascaras_predichas\TCGA_DU_6408_51_mask.npy,0
datos_procesados\TCGA_DU_7304_1.npy,datos_procesados\mascaras_predichas\TCGA_DU_7304_1_mask.npy,0
datos_procesados\TCGA_HT_A61A_60.npy,datos_procesados\mascaras_predichas\TCGA_HT_A61A_60_mask.npy,0
datos_procesados\TCGA_DU_5871_11.npy,datos_procesados\mascaras_predichas\TCGA_DU_5871_11_mask.npy,0
datos_procesados\TCGA_DU_6400_52.npy,datos_procesados\mascaras_predichas\TCGA_DU_6400_52_mask.npy,0
datos_procesados\TCGA_FG_7643_27.npy,datos_procesados\mascaras_predichas\TCGA_FG_7643_27_mask.npy,1
datos_procesados\TCGA_DU_7299_11.npy,datos_procesados\mascaras_predichas\TCGA_DU_7299_11_mask.npy,0
datos_procesados\TCGA_HT_7879_2.npy,datos_procesados\mascaras_predichas\TCGA_HT_7879_2_mask.npy,1
datos_procesados\TCGA_DU_6400_42.npy,datos_procesados\mascaras_predichas\TCGA_DU_6400_42_mask.npy,0
datos_procesados\TCGA_DU_7008_51.npy,datos_procesados\mascaras_predichas\TCGA_DU_7008_51_mask.npy,0
datos_procesados\TCGA_CS_6186_1.npy,datos_procesados\mascaras_predichas\TCGA_CS_6186_1_mask.npy,0
datos_procesados\TCGA_DU_8165_7.npy,datos_procesados\mascaras_predichas\TCGA_DU_8165_7_mask.npy,0
datos_procesados\TCGA_HT_8105_9.npy,datos_procesados\mascaras_predichas\TCGA_HT_8105_9_mask.npy,0
datos_procesados\TCGA_HT_A61A_42.npy,datos_procesados\mascaras_predichas\TCGA_HT_A61A_42_mask.npy,1
datos_procesados\TCGA_DU_6405_36.npy,datos_procesados\mascaras_predichas\TCGA_DU_6405_36_mask.npy,1
datos_procesados\TCGA_HT_8018_8.npy,datos_procesados\mascaras_predichas\TCGA_HT_8018_8_mask.npy,1
datos_procesados\TCGA_FG_5962_3.npy,datos_procesados\mascaras_predichas\TCGA_FG_5962_3_mask.npy,0
datos_procesados\TCGA_HT_7602_18.npy,datos_procesados\mascaras_predichas\TCGA_HT_7602_18_mask.npy,0
datos_procesados\TCGA_FG_7637_28.npy,datos_procesados\mascaras_predichas\TCGA_FG_7637_28_mask.npy,1
datos_procesados\TCGA_DU_5854_19.npy,datos_procesados\mascaras_predichas\TCGA_DU_5854_19_mask.npy,0
datos_procesados\TCGA_DU_7013_8.npy,datos_procesados\mascaras_predichas\TCGA_DU_7013_8_mask.npy,0
datos_procesados\TCGA_FG_A60K_2.npy,datos_procesados\mascaras_predichas\TCGA_FG_A60K_2_mask.npy,0
datos_procesados\TCGA_HT_8113_18.npy,datos_procesados\mascaras_predichas\TCGA_HT_8113_18_mask.npy,1
datos_procesados\TCGA_DU_7010_38.npy,datos_procesados\mascaras_predichas\TCGA_DU_7010_38_mask.npy,1
datos_procesados\TCGA_HT_7684_1.npy,datos_procesados\mascaras_predichas\TCGA_HT_7684_1_mask.npy,0
datos_procesados\TCGA_HT_7881_6.npy,datos_procesados\mascaras_predichas\TCGA_HT_7881_6_mask.npy,0
datos_procesados\TCGA_DU_A5TY_31.npy,datos_procesados\mascaras_predichas\TCGA_DU_A5TY_31_mask.npy,0
datos_procesados\TCGA_DU_7304_10.npy,datos_procesados\mascaras_predichas\TCGA_DU_7304_10_mask.npy,0
datos_procesados\TCGA_FG_6688_6.npy,datos_procesados\mascaras_predichas\TCGA_FG_6688_6_mask.npy,1
datos_procesados\TCGA_DU_5874_11.npy,datos_procesados\mascaras_predichas\TCGA_DU_5874_11_mask.npy,0
datos_procesados\TCGA_HT_8106_9.npy,datos_procesados\mascaras_predichas\TCGA_HT_8106_9_mask.npy,1
datos_procesados\TCGA_DU_7018_36.npy,datos_procesados\mascaras_predichas\TCGA_DU_7018_36_mask.npy,0
datos_procesados\TCGA_DU_8167_8.npy,datos_procesados\mascaras_predichas\TCGA_DU_8167_8_mask.npy,0
datos_procesados\TCGA_DU_6405_57.npy,datos_procesados\mascaras_predichas\TCGA_DU_6405_57_mask.npy,0
datos_procesados\TCGA_FG_6689_40.npy,datos_procesados\mascaras_predichas\TCGA_FG_6689_40_mask.npy,0
datos_procesados\TCGA_HT_7686_3.npy,datos_procesados\mascaras_predichas\TCGA_HT_7686_3_mask.npy,1
datos_procesados\TCGA_DU_8168_3.npy,datos_procesados\mascaras_predichas\TCGA_DU_8168_3_mask.npy,0
datos_procesados\TCGA_HT_8563_1.npy,datos_procesados\mascaras_predichas\TCGA_HT_8563_1_mask.npy,0
datos_procesados\TCGA_DU_7013_44.npy,datos_procesados\mascaras_predichas\TCGA_DU_7013_44_mask.npy,0
datos_procesados\TCGA_FG_5964_22.npy,datos_procesados\mascaras_predichas\TCGA_FG_5964_22_mask.npy,0
datos_procesados\TCGA_DU_7301_21.npy,datos_procesados\mascaras_predichas\TCGA_DU_7301_21_mask.npy,1
datos_procesados\TCGA_FG_5962_51.npy,datos_procesados\mascaras_predichas\TCGA_FG_5962_51_mask.npy,1
datos_procesados\TCGA_FG_8189_13.npy,datos_procesados\mascaras_predichas\TCGA_FG_8189_13_mask.npy,0
datos_procesados\TCGA_HT_7856_25.npy,datos_procesados\mascaras_predichas\TCGA_HT_7856_25_mask.npy,1
datos_procesados\TCGA_DU_6401_26.npy,datos_procesados\mascaras_predichas\TCGA_DU_6401_26_mask.npy,1
datos_procesados\TCGA_HT_7860_7.npy,datos_procesados\mascaras_predichas\TCGA_HT_7860_7_mask.npy,0
datos_procesados\TCGA_FG_6690_9.npy,datos_procesados\mascaras_predichas\TCGA_FG_6690_9_mask.npy,0
datos_procesados\TCGA_DU_A5TY_33.npy,datos_procesados\mascaras_predichas\TCGA_DU_A5TY_33_mask.npy,0
datos_procesados\TCGA_DU_6408_56.npy,datos_procesados\mascaras_predichas\TCGA_DU_6408_56_mask.npy,0
datos_procesados\TCGA_FG_A4MT_16.npy,datos_procesados\mascaras_predichas\TCGA_FG_A4MT_16_mask.npy,1
datos_procesados\TCGA_DU_7304_19.npy,datos_procesados\mascaras_predichas\TCGA_DU_7304_19_mask.npy,1
datos_procesados\TCGA_HT_7602_17.npy,datos_procesados\mascaras_predichas\TCGA_HT_7602_17_mask.npy,0
datos_procesados\TCGA_DU_7298_7.npy,datos_procesados\mascaras_predichas\TCGA_DU_7298_7_mask.npy,0
datos_procesados\TCGA_FG_A60K_57.npy,datos_procesados\mascaras_predichas\TCGA_FG_A60K_57_mask.npy,0
datos_procesados\TCGA_HT_7684_3.npy,datos_procesados\mascaras_predichas\TCGA_HT_7684_3_mask.npy,0
datos_procesados\TCGA_HT_7874_13.npy,datos_procesados\mascaras_predichas\TCGA_HT_7874_13_mask.npy,1
datos_procesados\TCGA_HT_7473_13.npy,datos_procesados\mascaras_predichas\TCGA_HT_7473_13_mask.npy,1
datos_procesados\TCGA_FG_6689_41.npy,datos_procesados\mascaras_predichas\TCGA_FG_6689_41_mask.npy,0
datos_procesados\TCGA_DU_8166_8.npy,datos_procesados\mascaras_predichas\TCGA_DU_8166_8_mask.npy,0
datos_procesados\TCGA_FG_A4MT_45.npy,datos_procesados\mascaras_predichas\TCGA_FG_A4MT_45_mask.npy,0
datos_procesados\TCGA_FG_7643_40.npy,datos_procesados\mascaras_predichas\TCGA_FG_7643_40_mask.npy,0
datos_procesados\TCGA_HT_7882_16.npy,datos_procesados\mascaras_predichas\TCGA_HT_7882_16_mask.npy,1
datos_procesados\TCGA_DU_7014_56.npy,datos_procesados\mascaras_predichas\TCGA_DU_7014_56_mask.npy,0
datos_procesados\TCGA_HT_7881_4.npy,datos_procesados\mascaras_predichas\TCGA_HT_7881_4_mask.npy,0
datos_procesados\TCGA_FG_7637_38.npy,datos_procesados\mascaras_predichas\TCGA_FG_7637_38_mask.npy,0
datos_procesados\TCGA_FG_7643_12.npy,datos_procesados\mascaras_predichas\TCGA_FG_7643_12_mask.npy,0
datos_procesados\TCGA_HT_A61B_26.npy,datos_procesados\mascaras_predichas\TCGA_HT_A61B_26_mask.npy,0
datos_procesados\TCGA_DU_7294_22.npy,datos_procesados\mascaras_predichas\TCGA_DU_7294_22_mask.npy,1
datos_procesados\TCGA_DU_6400_48.npy,datos_procesados\mascaras_predichas\TCGA_DU_6400_48_mask.npy,0
datos_procesados\TCGA_FG_A60K_69.npy,datos_procesados\mascaras_predichas\TCGA_FG_A60K_69_mask.npy,0
datos_procesados\TCGA_DU_7008_42.npy,datos_procesados\mascaras_predichas\TCGA_DU_7008_42_mask.npy,0
datos_procesados\TCGA_DU_A5TU_7.npy,datos_procesados\mascaras_predichas\TCGA_DU_A5TU_7_mask.npy,0
datos_procesados\TCGA_HT_7877_12.npy,datos_procesados\mascaras_predichas\TCGA_HT_7877_12_mask.npy,0
datos_procesados\TCGA_DU_8162_26.npy,datos_procesados\mascaras_predichas\TCGA_DU_8162_26_mask.npy,0
datos_procesados\TCGA_DU_7301_24.npy,datos_procesados\mascaras_predichas\TCGA_DU_7301_24_mask.npy,1
datos_procesados\TCGA_DU_6407_16.npy,datos_procesados\mascaras_predichas\TCGA_DU_6407_16_mask.npy,1
datos_procesados\TCGA_DU_7014_52.npy,datos_procesados\mascaras_predichas\TCGA_DU_7014_52_mask.npy,0
datos_procesados\TCGA_DU_7013_46.npy,datos_procesados\mascaras_predichas\TCGA_DU_7013_46_mask.npy,0
datos_procesados\TCGA_DU_A5TU_8.npy,datos_procesados\mascaras_predichas\TCGA_DU_A5TU_8_mask.npy,0
datos_procesados\TCGA_HT_8111_9.npy,datos_procesados\mascaras_predichas\TCGA_HT_8111_9_mask.npy,0
datos_procesados\TCGA_DU_A5TU_10.npy,datos_procesados\mascaras_predichas\TCGA_DU_A5TU_10_mask.npy,0
datos_procesados\TCGA_HT_7690_10.npy,datos_procesados\mascaras_predichas\TCGA_HT_7690_10_mask.npy,0
datos_procesados\TCGA_FG_6692_25.npy,datos_procesados\mascaras_predichas\TCGA_FG_6692_25_mask.npy,0
datos_procesados\TCGA_DU_7294_21.npy,datos_procesados\mascaras_predichas\TCGA_DU_7294_21_mask.npy,1
